identifier,tag_name,service,type,region,tags,arn
us-east-2_2YpxCwFoK,(not tagged),Cognito,UserPool,us-east-2,0,arn:aws:cognito-idp:us-east-2:679835924621:userpool/us-east-2_2YpxCwFoK
us-east-1_YToAgfnlY,(not tagged),Cognito,UserPool,us-east-1,0,arn:aws:cognito-idp:us-east-1:679835924621:userpool/us-east-1_YToAgfnlY
dopt-017a814383e851a74,(not tagged),EC2,DHCPOptions,ca-central-1,0,arn:aws:ec2:ca-central-1:679835924621:dhcp-options/dopt-017a814383e851a74
inv,(not tagged),DynamoDB,Table,us-east-2,0,arn:aws:dynamodb:us-east-2:679835924621:table/inv
igw-051f927a941b88951,(not tagged),EC2,InternetGateway,ca-central-1,0,arn:aws:ec2:ca-central-1:679835924621:internet-gateway/igw-051f927a941b88951
dopt-007423564c70f5fdc,(not tagged),EC2,DHCPOptions,us-east-2,0,arn:aws:ec2:us-east-2:679835924621:dhcp-options/dopt-007423564c70f5fdc
acl-083ebeb6af616f9a8,(not tagged),EC2,NetworkAcl,ca-central-1,0,arn:aws:ec2:ca-central-1:679835924621:network-acl/acl-083ebeb6af616f9a8
Items,(not tagged),DynamoDB,Table,us-east-1,0,arn:aws:dynamodb:us-east-1:679835924621:table/Items
igw-0ab303a27be5b6571,(not tagged),EC2,InternetGateway,us-east-2,0,arn:aws:ec2:us-east-2:679835924621:internet-gateway/igw-0ab303a27be5b6571
rtb-03054851a811b5e7d,(not tagged),EC2,RouteTable,ca-central-1,0,arn:aws:ec2:ca-central-1:679835924621:route-table/rtb-03054851a811b5e7d
dopt-041fc8fdc33e80870,(not tagged),EC2,DHCPOptions,us-west-1,0,arn:aws:ec2:us-west-1:679835924621:dhcp-options/dopt-041fc8fdc33e80870
acl-05b7a1d04975c6746,(not tagged),EC2,NetworkAcl,us-east-2,0,arn:aws:ec2:us-east-2:679835924621:network-acl/acl-05b7a1d04975c6746
dopt-04759591c1ac3decc,(not tagged),EC2,DHCPOptions,us-east-1,0,arn:aws:ec2:us-east-1:679835924621:dhcp-options/dopt-04759591c1ac3decc
sg-05d3c70b523ae14e6,(not tagged),EC2,SecurityGroup,ca-central-1,0,arn:aws:ec2:ca-central-1:679835924621:security-group/sg-05d3c70b523ae14e6
dopt-093bda09d476fd322,(not tagged),EC2,DHCPOptions,eu-west-3,0,arn:aws:ec2:eu-west-3:679835924621:dhcp-options/dopt-093bda09d476fd322
rtb-0b2a300e08f867a7c,(not tagged),EC2,RouteTable,us-east-2,0,arn:aws:ec2:us-east-2:679835924621:route-table/rtb-0b2a300e08f867a7c
subnet-0e183f4ba290c1f80,(not tagged),EC2,Subnet,ca-central-1,0,arn:aws:ec2:ca-central-1:679835924621:subnet/subnet-0e183f4ba290c1f80
subnet-0fa458e669e9284dc,(not tagged),EC2,Subnet,ca-central-1,0,arn:aws:ec2:ca-central-1:679835924621:subnet/subnet-0fa458e669e9284dc
subnet-0ce3e6abfece9d1b7,(not tagged),EC2,Subnet,ca-central-1,0,arn:aws:ec2:ca-central-1:679835924621:subnet/subnet-0ce3e6abfece9d1b7
igw-066222191409d3618,(not tagged),EC2,InternetGateway,us-east-1,0,arn:aws:ec2:us-east-1:679835924621:internet-gateway/igw-066222191409d3618
sg-0b2dbda3d432daba6,(not tagged),EC2,SecurityGroup,us-east-2,0,arn:aws:ec2:us-east-2:679835924621:security-group/sg-0b2dbda3d432daba6
sg-0725c2da46fb3ece4,(not tagged),EC2,SecurityGroup,us-east-2,0,arn:aws:ec2:us-east-2:679835924621:security-group/sg-0725c2da46fb3ece4
sg-037ba75296ab3613e,(not tagged),EC2,SecurityGroup,us-east-2,0,arn:aws:ec2:us-east-2:679835924621:security-group/sg-037ba75296ab3613e
vpc-06347be3dc674635d,(not tagged),EC2,VPC,ca-central-1,0,arn:aws:ec2:ca-central-1:679835924621:vpc/vpc-06347be3dc674635d
dopt-065b7a6c595c2ba70,(not tagged),EC2,DHCPOptions,ap-northeast-3,0,arn:aws:ec2:ap-northeast-3:679835924621:dhcp-options/dopt-065b7a6c595c2ba70
dopt-0018cde4c8fad3dfd,(not tagged),EC2,DHCPOptions,us-west-2,0,arn:aws:ec2:us-west-2:679835924621:dhcp-options/dopt-0018cde4c8fad3dfd
acl-04cf6a52764419c20,(not tagged),EC2,NetworkAcl,us-east-1,0,arn:aws:ec2:us-east-1:679835924621:network-acl/acl-04cf6a52764419c20
igw-07cd0adbabd65771c,(not tagged),EC2,InternetGateway,eu-west-3,0,arn:aws:ec2:eu-west-3:679835924621:internet-gateway/igw-07cd0adbabd65771c
subnet-01c59ca0dc6284933,(not tagged),EC2,Subnet,us-east-2,0,arn:aws:ec2:us-east-2:679835924621:subnet/subnet-01c59ca0dc6284933
subnet-0d946a0eaf8ecbc4e,(not tagged),EC2,Subnet,us-east-2,0,arn:aws:ec2:us-east-2:679835924621:subnet/subnet-0d946a0eaf8ecbc4e
subnet-0a93d2a74fc9e934c,(not tagged),EC2,Subnet,us-east-2,0,arn:aws:ec2:us-east-2:679835924621:subnet/subnet-0a93d2a74fc9e934c
igw-0e9a50c02bfcb8bf6,(not tagged),EC2,InternetGateway,us-west-1,0,arn:aws:ec2:us-west-1:679835924621:internet-gateway/igw-0e9a50c02bfcb8bf6
vpc-07ee4270fc44d437b,(not tagged),EC2,VPC,us-east-2,0,arn:aws:ec2:us-east-2:679835924621:vpc/vpc-07ee4270fc44d437b
dopt-0b15a6995f3d35617,(not tagged),EC2,DHCPOptions,eu-west-1,0,arn:aws:ec2:eu-west-1:679835924621:dhcp-options/dopt-0b15a6995f3d35617
acl-021760c2f203414f2,(not tagged),EC2,NetworkAcl,eu-west-3,0,arn:aws:ec2:eu-west-3:679835924621:network-acl/acl-021760c2f203414f2
igw-0c7698fb6fb8c2dd5,(not tagged),EC2,InternetGateway,us-west-2,0,arn:aws:ec2:us-west-2:679835924621:internet-gateway/igw-0c7698fb6fb8c2dd5
rtb-008354e3156186b65,(not tagged),EC2,RouteTable,us-east-1,0,arn:aws:ec2:us-east-1:679835924621:route-table/rtb-008354e3156186b65
acl-0a94db994fd1b2ef6,(not tagged),EC2,NetworkAcl,us-west-1,0,arn:aws:ec2:us-west-1:679835924621:network-acl/acl-0a94db994fd1b2ef6
sg-020626857886a9d8e,(not tagged),EC2,SecurityGroup,us-east-1,0,arn:aws:ec2:us-east-1:679835924621:security-group/sg-020626857886a9d8e
igw-07e978d3cc0349441,(not tagged),EC2,InternetGateway,ap-northeast-3,0,arn:aws:ec2:ap-northeast-3:679835924621:internet-gateway/igw-07e978d3cc0349441
dopt-09e468f0f25fc7679,(not tagged),EC2,DHCPOptions,eu-central-1,0,arn:aws:ec2:eu-central-1:679835924621:dhcp-options/dopt-09e468f0f25fc7679
acl-0eaa771f1b0258867,(not tagged),EC2,NetworkAcl,us-west-2,0,arn:aws:ec2:us-west-2:679835924621:network-acl/acl-0eaa771f1b0258867
rtb-06e43a6c9dd604ead,(not tagged),EC2,RouteTable,eu-west-3,0,arn:aws:ec2:eu-west-3:679835924621:route-table/rtb-06e43a6c9dd604ead
dopt-0e4ba557329e3142f,(not tagged),EC2,DHCPOptions,eu-north-1,0,arn:aws:ec2:eu-north-1:679835924621:dhcp-options/dopt-0e4ba557329e3142f
acl-05069248633d1652b,(not tagged),EC2,NetworkAcl,ap-northeast-3,0,arn:aws:ec2:ap-northeast-3:679835924621:network-acl/acl-05069248633d1652b
igw-073631a7a24c65389,(not tagged),EC2,InternetGateway,eu-west-1,0,arn:aws:ec2:eu-west-1:679835924621:internet-gateway/igw-073631a7a24c65389
sg-0354a80c7b30bc019,(not tagged),EC2,SecurityGroup,eu-west-3,0,arn:aws:ec2:eu-west-3:679835924621:security-group/sg-0354a80c7b30bc019
rtb-01560177f8a924b3f,(not tagged),EC2,RouteTable,us-west-1,0,arn:aws:ec2:us-west-1:679835924621:route-table/rtb-01560177f8a924b3f
subnet-036879261a061eb99,(not tagged),EC2,Subnet,us-east-1,0,arn:aws:ec2:us-east-1:679835924621:subnet/subnet-036879261a061eb99
subnet-03da298c8edc9582f,(not tagged),EC2,Subnet,us-east-1,0,arn:aws:ec2:us-east-1:679835924621:subnet/subnet-03da298c8edc9582f
subnet-09262fa4a439670f4,(not tagged),EC2,Subnet,us-east-1,0,arn:aws:ec2:us-east-1:679835924621:subnet/subnet-09262fa4a439670f4
subnet-04f6f765ea190e645,(not tagged),EC2,Subnet,us-east-1,0,arn:aws:ec2:us-east-1:679835924621:subnet/subnet-04f6f765ea190e645
subnet-05dd0130bce45be56,(not tagged),EC2,Subnet,us-east-1,0,arn:aws:ec2:us-east-1:679835924621:subnet/subnet-05dd0130bce45be56
subnet-0a44be0752a0705a2,(not tagged),EC2,Subnet,us-east-1,0,arn:aws:ec2:us-east-1:679835924621:subnet/subnet-0a44be0752a0705a2
rtb-0d06520d74f32a549,(not tagged),EC2,RouteTable,us-west-2,0,arn:aws:ec2:us-west-2:679835924621:route-table/rtb-0d06520d74f32a549
sg-04deab5c617028c75,(not tagged),EC2,SecurityGroup,us-west-1,0,arn:aws:ec2:us-west-1:679835924621:security-group/sg-04deab5c617028c75
vpc-003c09c7c3184f384,(not tagged),EC2,VPC,us-east-1,0,arn:aws:ec2:us-east-1:679835924621:vpc/vpc-003c09c7c3184f384
acl-060f24951560a4eb5,(not tagged),EC2,NetworkAcl,eu-west-1,0,arn:aws:ec2:eu-west-1:679835924621:network-acl/acl-060f24951560a4eb5
igw-0c984aa991a99511b,(not tagged),EC2,InternetGateway,eu-central-1,0,arn:aws:ec2:eu-central-1:679835924621:internet-gateway/igw-0c984aa991a99511b
sg-0b0dc867c28584739,(not tagged),EC2,SecurityGroup,us-west-2,0,arn:aws:ec2:us-west-2:679835924621:security-group/sg-0b0dc867c28584739
rtb-0e275707a05ad2139,(not tagged),EC2,RouteTable,ap-northeast-3,0,arn:aws:ec2:ap-northeast-3:679835924621:route-table/rtb-0e275707a05ad2139
subnet-0d346111c16bdfa26,(not tagged),EC2,Subnet,eu-west-3,0,arn:aws:ec2:eu-west-3:679835924621:subnet/subnet-0d346111c16bdfa26
subnet-023148caa9373ccaf,(not tagged),EC2,Subnet,eu-west-3,0,arn:aws:ec2:eu-west-3:679835924621:subnet/subnet-023148caa9373ccaf
subnet-0cf5166efd2578174,(not tagged),EC2,Subnet,eu-west-3,0,arn:aws:ec2:eu-west-3:679835924621:subnet/subnet-0cf5166efd2578174
igw-0acd39e268635992d,(not tagged),EC2,InternetGateway,eu-north-1,0,arn:aws:ec2:eu-north-1:679835924621:internet-gateway/igw-0acd39e268635992d
sg-04ffb7e9e082bb4ca,(not tagged),EC2,SecurityGroup,ap-northeast-3,0,arn:aws:ec2:ap-northeast-3:679835924621:security-group/sg-04ffb7e9e082bb4ca
acl-018722830780322cf,(not tagged),EC2,NetworkAcl,eu-central-1,0,arn:aws:ec2:eu-central-1:679835924621:network-acl/acl-018722830780322cf
vpc-0a3eb236b0f96e77a,(not tagged),EC2,VPC,eu-west-3,0,arn:aws:ec2:eu-west-3:679835924621:vpc/vpc-0a3eb236b0f96e77a
subnet-090a1ed9a40e30d1b,(not tagged),EC2,Subnet,us-west-1,0,arn:aws:ec2:us-west-1:679835924621:subnet/subnet-090a1ed9a40e30d1b
subnet-01ff9b8ee5464b352,(not tagged),EC2,Subnet,us-west-1,0,arn:aws:ec2:us-west-1:679835924621:subnet/subnet-01ff9b8ee5464b352
rtb-074a48f8ef8099dbd,(not tagged),EC2,RouteTable,eu-west-1,0,arn:aws:ec2:eu-west-1:679835924621:route-table/rtb-074a48f8ef8099dbd
acl-0295dbd4d8a519456,(not tagged),EC2,NetworkAcl,eu-north-1,0,arn:aws:ec2:eu-north-1:679835924621:network-acl/acl-0295dbd4d8a519456
subnet-0b6b1edbe38cb16ff,(not tagged),EC2,Subnet,us-west-2,0,arn:aws:ec2:us-west-2:679835924621:subnet/subnet-0b6b1edbe38cb16ff
subnet-012710746bcf05303,(not tagged),EC2,Subnet,us-west-2,0,arn:aws:ec2:us-west-2:679835924621:subnet/subnet-012710746bcf05303
subnet-06ce6f6d143487f17,(not tagged),EC2,Subnet,us-west-2,0,arn:aws:ec2:us-west-2:679835924621:subnet/subnet-06ce6f6d143487f17
subnet-0e3057336a12c54ce,(not tagged),EC2,Subnet,us-west-2,0,arn:aws:ec2:us-west-2:679835924621:subnet/subnet-0e3057336a12c54ce
vpc-0f6a12ed951facc3f,(not tagged),EC2,VPC,us-west-1,0,arn:aws:ec2:us-west-1:679835924621:vpc/vpc-0f6a12ed951facc3f
sg-0817e3fda6c84dbca,(not tagged),EC2,SecurityGroup,eu-west-1,0,arn:aws:ec2:eu-west-1:679835924621:security-group/sg-0817e3fda6c84dbca
dopt-0cc68b6b90cf54f5b,(not tagged),EC2,DHCPOptions,ap-south-1,0,arn:aws:ec2:ap-south-1:679835924621:dhcp-options/dopt-0cc68b6b90cf54f5b
vpc-0ce4b667ec32b0277,(not tagged),EC2,VPC,us-west-2,0,arn:aws:ec2:us-west-2:679835924621:vpc/vpc-0ce4b667ec32b0277
subnet-080efde8746c5e8af,(not tagged),EC2,Subnet,ap-northeast-3,0,arn:aws:ec2:ap-northeast-3:679835924621:subnet/subnet-080efde8746c5e8af
subnet-02f6d2b91dde4d681,(not tagged),EC2,Subnet,ap-northeast-3,0,arn:aws:ec2:ap-northeast-3:679835924621:subnet/subnet-02f6d2b91dde4d681
subnet-092d2e7966e76f647,(not tagged),EC2,Subnet,ap-northeast-3,0,arn:aws:ec2:ap-northeast-3:679835924621:subnet/subnet-092d2e7966e76f647
rtb-01e16306a23f85c18,(not tagged),EC2,RouteTable,eu-central-1,0,arn:aws:ec2:eu-central-1:679835924621:route-table/rtb-01e16306a23f85c18
dopt-091fbbaca7da68e82,(not tagged),EC2,DHCPOptions,ap-northeast-2,0,arn:aws:ec2:ap-northeast-2:679835924621:dhcp-options/dopt-091fbbaca7da68e82
dopt-0dbc070c99445f78c,(not tagged),EC2,DHCPOptions,sa-east-1,0,arn:aws:ec2:sa-east-1:679835924621:dhcp-options/dopt-0dbc070c99445f78c
vpc-00f044ce6203e7930,(not tagged),EC2,VPC,ap-northeast-3,0,arn:aws:ec2:ap-northeast-3:679835924621:vpc/vpc-00f044ce6203e7930
sg-09d20c87cf4c2db22,(not tagged),EC2,SecurityGroup,eu-central-1,0,arn:aws:ec2:eu-central-1:679835924621:security-group/sg-09d20c87cf4c2db22
dopt-02c794efc850d9080,(not tagged),EC2,DHCPOptions,ap-northeast-1,0,arn:aws:ec2:ap-northeast-1:679835924621:dhcp-options/dopt-02c794efc850d9080
rtb-03dfe77f5757b2084,(not tagged),EC2,RouteTable,eu-north-1,0,arn:aws:ec2:eu-north-1:679835924621:route-table/rtb-03dfe77f5757b2084
sg-0714db6662acf3987,(not tagged),EC2,SecurityGroup,eu-north-1,0,arn:aws:ec2:eu-north-1:679835924621:security-group/sg-0714db6662acf3987
igw-03ea3be4bd091c917,(not tagged),EC2,InternetGateway,ap-south-1,0,arn:aws:ec2:ap-south-1:679835924621:internet-gateway/igw-03ea3be4bd091c917
dopt-05d32a0e10ff3057f,(not tagged),EC2,DHCPOptions,ap-southeast-2,0,arn:aws:ec2:ap-southeast-2:679835924621:dhcp-options/dopt-05d32a0e10ff3057f
subnet-0345408ad42250dc2,(not tagged),EC2,Subnet,eu-central-1,0,arn:aws:ec2:eu-central-1:679835924621:subnet/subnet-0345408ad42250dc2
subnet-072c606ba73bdeeb9,(not tagged),EC2,Subnet,eu-central-1,0,arn:aws:ec2:eu-central-1:679835924621:subnet/subnet-072c606ba73bdeeb9
subnet-0e49d90c83470b840,(not tagged),EC2,Subnet,eu-central-1,0,arn:aws:ec2:eu-central-1:679835924621:subnet/subnet-0e49d90c83470b840
igw-0ededda9319d0b791,(not tagged),EC2,InternetGateway,ap-northeast-2,0,arn:aws:ec2:ap-northeast-2:679835924621:internet-gateway/igw-0ededda9319d0b791
igw-01dc5755db3fbbb75,(not tagged),EC2,InternetGateway,sa-east-1,0,arn:aws:ec2:sa-east-1:679835924621:internet-gateway/igw-01dc5755db3fbbb75
vpc-0fd8e34fb86d55ced,(not tagged),EC2,VPC,eu-central-1,0,arn:aws:ec2:eu-central-1:679835924621:vpc/vpc-0fd8e34fb86d55ced
acl-06a8666a394a385ed,(not tagged),EC2,NetworkAcl,ap-south-1,0,arn:aws:ec2:ap-south-1:679835924621:network-acl/acl-06a8666a394a385ed
igw-09a0fec3a5904166c,(not tagged),EC2,InternetGateway,ap-northeast-1,0,arn:aws:ec2:ap-northeast-1:679835924621:internet-gateway/igw-09a0fec3a5904166c
subnet-052a0f222dbf81b2a,(not tagged),EC2,Subnet,eu-north-1,0,arn:aws:ec2:eu-north-1:679835924621:subnet/subnet-052a0f222dbf81b2a
subnet-021f9a4920e8b633e,(not tagged),EC2,Subnet,eu-north-1,0,arn:aws:ec2:eu-north-1:679835924621:subnet/subnet-021f9a4920e8b633e
subnet-0989173c33f230024,(not tagged),EC2,Subnet,eu-north-1,0,arn:aws:ec2:eu-north-1:679835924621:subnet/subnet-0989173c33f230024
acl-00e8a7cfd7a51d364,(not tagged),EC2,NetworkAcl,ap-northeast-2,0,arn:aws:ec2:ap-northeast-2:679835924621:network-acl/acl-00e8a7cfd7a51d364
vpc-04124b1f712601eee,(not tagged),EC2,VPC,eu-north-1,0,arn:aws:ec2:eu-north-1:679835924621:vpc/vpc-04124b1f712601eee
acl-0dcd57843f3a27f09,(not tagged),EC2,NetworkAcl,sa-east-1,0,arn:aws:ec2:sa-east-1:679835924621:network-acl/acl-0dcd57843f3a27f09
acl-04d1e65883b30cb0a,(not tagged),EC2,NetworkAcl,ap-northeast-1,0,arn:aws:ec2:ap-northeast-1:679835924621:network-acl/acl-04d1e65883b30cb0a
igw-0f44dded733738e55,(not tagged),EC2,InternetGateway,ap-southeast-2,0,arn:aws:ec2:ap-southeast-2:679835924621:internet-gateway/igw-0f44dded733738e55
subnet-03966770971094bce,(not tagged),EC2,Subnet,eu-west-1,0,arn:aws:ec2:eu-west-1:679835924621:subnet/subnet-03966770971094bce
subnet-0db0b68f1aa1cfd10,(not tagged),EC2,Subnet,eu-west-1,0,arn:aws:ec2:eu-west-1:679835924621:subnet/subnet-0db0b68f1aa1cfd10
subnet-01acc5bf3360c3ba4,(not tagged),EC2,Subnet,eu-west-1,0,arn:aws:ec2:eu-west-1:679835924621:subnet/subnet-01acc5bf3360c3ba4
rtb-0e22b5c118c64438d,(not tagged),EC2,RouteTable,ap-south-1,0,arn:aws:ec2:ap-south-1:679835924621:route-table/rtb-0e22b5c118c64438d
vpc-03ed037ba3d8d7c5a,(not tagged),EC2,VPC,eu-west-1,0,arn:aws:ec2:eu-west-1:679835924621:vpc/vpc-03ed037ba3d8d7c5a
sg-0e2e83ec190cd0070,(not tagged),EC2,SecurityGroup,ap-south-1,0,arn:aws:ec2:ap-south-1:679835924621:security-group/sg-0e2e83ec190cd0070
rtb-0a2f3ae1fbdb957e2,(not tagged),EC2,RouteTable,ap-northeast-2,0,arn:aws:ec2:ap-northeast-2:679835924621:route-table/rtb-0a2f3ae1fbdb957e2
acl-0f503662686699486,(not tagged),EC2,NetworkAcl,ap-southeast-2,0,arn:aws:ec2:ap-southeast-2:679835924621:network-acl/acl-0f503662686699486
rtb-09827cdd5eda8c64e,(not tagged),EC2,RouteTable,sa-east-1,0,arn:aws:ec2:sa-east-1:679835924621:route-table/rtb-09827cdd5eda8c64e
rtb-0169afbc6f7464a19,(not tagged),EC2,RouteTable,ap-northeast-1,0,arn:aws:ec2:ap-northeast-1:679835924621:route-table/rtb-0169afbc6f7464a19
sg-00d168e939af72391,(not tagged),EC2,SecurityGroup,ap-northeast-2,0,arn:aws:ec2:ap-northeast-2:679835924621:security-group/sg-00d168e939af72391
sg-02bdc97b3c24d4236,(not tagged),EC2,SecurityGroup,sa-east-1,0,arn:aws:ec2:sa-east-1:679835924621:security-group/sg-02bdc97b3c24d4236
sg-0f2da3adfd7dada47,(not tagged),EC2,SecurityGroup,ap-northeast-1,0,arn:aws:ec2:ap-northeast-1:679835924621:security-group/sg-0f2da3adfd7dada47
subnet-01be11fd29b763481,(not tagged),EC2,Subnet,ap-south-1,0,arn:aws:ec2:ap-south-1:679835924621:subnet/subnet-01be11fd29b763481
subnet-07ecbb2f6690a4d12,(not tagged),EC2,Subnet,ap-south-1,0,arn:aws:ec2:ap-south-1:679835924621:subnet/subnet-07ecbb2f6690a4d12
subnet-0ec00aa92c1ae1128,(not tagged),EC2,Subnet,ap-south-1,0,arn:aws:ec2:ap-south-1:679835924621:subnet/subnet-0ec00aa92c1ae1128
rtb-0ba2bea2af409e20d,(not tagged),EC2,RouteTable,ap-southeast-2,0,arn:aws:ec2:ap-southeast-2:679835924621:route-table/rtb-0ba2bea2af409e20d
vpc-0f2cd1d31ea563345,(not tagged),EC2,VPC,ap-south-1,0,arn:aws:ec2:ap-south-1:679835924621:vpc/vpc-0f2cd1d31ea563345
subnet-0f1f787e1dfbaaf62,(not tagged),EC2,Subnet,ap-northeast-2,0,arn:aws:ec2:ap-northeast-2:679835924621:subnet/subnet-0f1f787e1dfbaaf62
subnet-011f30bb4a9094d2f,(not tagged),EC2,Subnet,ap-northeast-2,0,arn:aws:ec2:ap-northeast-2:679835924621:subnet/subnet-011f30bb4a9094d2f
subnet-0d949bb38d18cd7ae,(not tagged),EC2,Subnet,ap-northeast-2,0,arn:aws:ec2:ap-northeast-2:679835924621:subnet/subnet-0d949bb38d18cd7ae
subnet-0ad1507553f51b964,(not tagged),EC2,Subnet,ap-northeast-2,0,arn:aws:ec2:ap-northeast-2:679835924621:subnet/subnet-0ad1507553f51b964
sg-0cb9996a423116194,(not tagged),EC2,SecurityGroup,ap-southeast-2,0,arn:aws:ec2:ap-southeast-2:679835924621:security-group/sg-0cb9996a423116194
subnet-0d9e374b410bfdbbd,(not tagged),EC2,Subnet,sa-east-1,0,arn:aws:ec2:sa-east-1:679835924621:subnet/subnet-0d9e374b410bfdbbd
subnet-08eb048e51f253b8a,(not tagged),EC2,Subnet,sa-east-1,0,arn:aws:ec2:sa-east-1:679835924621:subnet/subnet-08eb048e51f253b8a
subnet-012c62ccb82e5a459,(not tagged),EC2,Subnet,sa-east-1,0,arn:aws:ec2:sa-east-1:679835924621:subnet/subnet-012c62ccb82e5a459
dopt-0ad3885dc6e47afb3,(not tagged),EC2,DHCPOptions,eu-west-2,0,arn:aws:ec2:eu-west-2:679835924621:dhcp-options/dopt-0ad3885dc6e47afb3
subnet-0ba88aee15f855a68,(not tagged),EC2,Subnet,ap-northeast-1,0,arn:aws:ec2:ap-northeast-1:679835924621:subnet/subnet-0ba88aee15f855a68
subnet-032f2f1d0ebe7bc86,(not tagged),EC2,Subnet,ap-northeast-1,0,arn:aws:ec2:ap-northeast-1:679835924621:subnet/subnet-032f2f1d0ebe7bc86
subnet-0e7891bdc63e1ece7,(not tagged),EC2,Subnet,ap-northeast-1,0,arn:aws:ec2:ap-northeast-1:679835924621:subnet/subnet-0e7891bdc63e1ece7
vpc-0ac3706edc3a8f1fa,(not tagged),EC2,VPC,ap-northeast-2,0,arn:aws:ec2:ap-northeast-2:679835924621:vpc/vpc-0ac3706edc3a8f1fa
vpc-09e18be491ceb0b25,(not tagged),EC2,VPC,sa-east-1,0,arn:aws:ec2:sa-east-1:679835924621:vpc/vpc-09e18be491ceb0b25
vpc-0f2b054d13c5b6915,(not tagged),EC2,VPC,ap-northeast-1,0,arn:aws:ec2:ap-northeast-1:679835924621:vpc/vpc-0f2b054d13c5b6915
subnet-032fb77589e50c743,(not tagged),EC2,Subnet,ap-southeast-2,0,arn:aws:ec2:ap-southeast-2:679835924621:subnet/subnet-032fb77589e50c743
subnet-055ede9fbe3237023,(not tagged),EC2,Subnet,ap-southeast-2,0,arn:aws:ec2:ap-southeast-2:679835924621:subnet/subnet-055ede9fbe3237023
subnet-0069cb62c89c56193,(not tagged),EC2,Subnet,ap-southeast-2,0,arn:aws:ec2:ap-southeast-2:679835924621:subnet/subnet-0069cb62c89c56193
dopt-0d16b30bf7ab01c86,(not tagged),EC2,DHCPOptions,ap-southeast-1,0,arn:aws:ec2:ap-southeast-1:679835924621:dhcp-options/dopt-0d16b30bf7ab01c86
vpc-0623caf6e77252d3c,(not tagged),EC2,VPC,ap-southeast-2,0,arn:aws:ec2:ap-southeast-2:679835924621:vpc/vpc-0623caf6e77252d3c
igw-0da8d208e11567a5c,(not tagged),EC2,InternetGateway,eu-west-2,0,arn:aws:ec2:eu-west-2:679835924621:internet-gateway/igw-0da8d208e11567a5c
acl-0be2dc6ded21848c7,(not tagged),EC2,NetworkAcl,eu-west-2,0,arn:aws:ec2:eu-west-2:679835924621:network-acl/acl-0be2dc6ded21848c7
igw-07afb44b4cec577a2,(not tagged),EC2,InternetGateway,ap-southeast-1,0,arn:aws:ec2:ap-southeast-1:679835924621:internet-gateway/igw-07afb44b4cec577a2
acl-04f20ef91263b89fe,(not tagged),EC2,NetworkAcl,ap-southeast-1,0,arn:aws:ec2:ap-southeast-1:679835924621:network-acl/acl-04f20ef91263b89fe
rtb-093290ab6ac2428c8,(not tagged),EC2,RouteTable,eu-west-2,0,arn:aws:ec2:eu-west-2:679835924621:route-table/rtb-093290ab6ac2428c8
sg-0c15d8230db718e17,(not tagged),EC2,SecurityGroup,eu-west-2,0,arn:aws:ec2:eu-west-2:679835924621:security-group/sg-0c15d8230db718e17
rtb-0cf48c76b9aef997c,(not tagged),EC2,RouteTable,ap-southeast-1,0,arn:aws:ec2:ap-southeast-1:679835924621:route-table/rtb-0cf48c76b9aef997c
sg-0f7c6bf5591cfb589,(not tagged),EC2,SecurityGroup,ap-southeast-1,0,arn:aws:ec2:ap-southeast-1:679835924621:security-group/sg-0f7c6bf5591cfb589
subnet-0d5ce684a924095c3,(not tagged),EC2,Subnet,eu-west-2,0,arn:aws:ec2:eu-west-2:679835924621:subnet/subnet-0d5ce684a924095c3
subnet-0fb6821a6d80be7fc,(not tagged),EC2,Subnet,eu-west-2,0,arn:aws:ec2:eu-west-2:679835924621:subnet/subnet-0fb6821a6d80be7fc
subnet-0451fc6c0a3cee9f6,(not tagged),EC2,Subnet,eu-west-2,0,arn:aws:ec2:eu-west-2:679835924621:subnet/subnet-0451fc6c0a3cee9f6
vpc-0be848c474237ff8a,(not tagged),EC2,VPC,eu-west-2,0,arn:aws:ec2:eu-west-2:679835924621:vpc/vpc-0be848c474237ff8a
subnet-02be3be301308809e,(not tagged),EC2,Subnet,ap-southeast-1,0,arn:aws:ec2:ap-southeast-1:679835924621:subnet/subnet-02be3be301308809e
subnet-0f211a4e9f91be402,(not tagged),EC2,Subnet,ap-southeast-1,0,arn:aws:ec2:ap-southeast-1:679835924621:subnet/subnet-0f211a4e9f91be402
subnet-0f173ac066a65a10d,(not tagged),EC2,Subnet,ap-southeast-1,0,arn:aws:ec2:ap-southeast-1:679835924621:subnet/subnet-0f173ac066a65a10d
vpc-04e27ca893bd2c763,(not tagged),EC2,VPC,ap-southeast-1,0,arn:aws:ec2:ap-southeast-1:679835924621:vpc/vpc-04e27ca893bd2c763
1c6308f4-f504-405a-be72-d777d975786f,(not tagged),KMS,Key,us-east-2,0,arn:aws:kms:us-east-2:679835924621:key/1c6308f4-f504-405a-be72-d777d975786f
ec2-dynamodb-people-role,(not tagged),IAM,InstanceProfile,us-east-1,0,arn:aws:iam::679835924621:instance-profile/ec2-dynamodb-people-role
inv-api,(not tagged),Lambda,Function,us-east-2,0,arn:aws:lambda:us-east-2:679835924621:function:inv-api
service-role/AWSLambdaVPCAccessExecutionRole-07eae952-ec19-40f5-b8a8-7c2d1fdacd89,(not tagged),IAM,ManagedPolicy,us-east-1,0,arn:aws:iam::679835924621:policy/service-role/AWSLambdaVPCAccessExecutionRole-07eae952-ec19-40f5-b8a8-7c2d1fdacd89
S3-Bucket-Upload,(not tagged),IAM,ManagedPolicy,us-east-1,0,arn:aws:iam::679835924621:policy/S3-Bucket-Upload
service-role/AWSLambdaBasicExecutionRole-05687fd4-3a38-4fde-b3de-64df8bd01c75,(not tagged),IAM,ManagedPolicy,us-east-1,0,arn:aws:iam::679835924621:policy/service-role/AWSLambdaBasicExecutionRole-05687fd4-3a38-4fde-b3de-64df8bd01c75
service-role/AWSLambdaVPCAccessExecutionRole-baa702d4-4321-440b-a03f-a3e1f0e92485,(not tagged),IAM,ManagedPolicy,us-east-1,0,arn:aws:iam::679835924621:policy/service-role/AWSLambdaVPCAccessExecutionRole-baa702d4-4321-440b-a03f-a3e1f0e92485
DDBCrud-Invento,(not tagged),IAM,ManagedPolicy,us-east-1,0,arn:aws:iam::679835924621:policy/DDBCrud-Invento
service-role/AWSLambdaBasicExecutionRole-5e853bf6-220d-46b6-9258-04264606b601,(not tagged),IAM,ManagedPolicy,us-east-1,0,arn:aws:iam::679835924621:policy/service-role/AWSLambdaBasicExecutionRole-5e853bf6-220d-46b6-9258-04264606b601
service-role/AWSLambdaVPCAccessExecutionRole-af9db625-8720-4896-8085-6e85ae0ddba3,(not tagged),IAM,ManagedPolicy,us-east-1,0,arn:aws:iam::679835924621:policy/service-role/AWSLambdaVPCAccessExecutionRole-af9db625-8720-4896-8085-6e85ae0ddba3
service-role/AWSLambdaBasicExecutionRole-d4d22e3f-f0bb-430b-8af2-95051a4474d4,(not tagged),IAM,ManagedPolicy,us-east-1,0,arn:aws:iam::679835924621:policy/service-role/AWSLambdaBasicExecutionRole-d4d22e3f-f0bb-430b-8af2-95051a4474d4
Authapp,(not tagged),IAM,VirtualMFADevice,us-east-1,0,arn:aws:iam::679835924621:mfa/Authapp
angular-app-invento,(not tagged),S3,Bucket,us-east-2,0,arn:aws:s3:::angular-app-invento
